Model,CV Mean,CV Std,CV Min,CV Max
SVM,0.800315838745723,0.014752711571871675,0.7797513321492007,0.8251996450754214
Logistic Regression,0.7988958252232858,0.01764670495352961,0.7779751332149201,0.8243123336291038
XGBoost,0.7795489684019409,0.01426695521864852,0.7584369449378331,0.7994676131322094
Random Forest,0.772803667764117,0.01311074332721719,0.7486678507992895,0.7870452528837621
Decision Tree,0.7211504788802539,0.019625516083471566,0.6829484902309059,0.738243123336291
