accuracy,precision,recall,f1_score,roc_auc,best_params
0.8005677785663591,0.6504854368932039,0.5374331550802139,0.5885797950219619,0.840701128936423,"{'learning_rate': 0.1, 'max_depth': 3, 'n_estimators': 100, 'subsample': 1.0}"
