Model,Accuracy,Precision,Recall,F1-Score
Logistic Regression,0.7934705464868701,0.6309148264984227,0.5347593582887701,0.5788712011577424
SVM,0.7955997161107168,0.6405228758169934,0.5240641711229946,0.5764705882352941
Random Forest,0.7735982966643009,0.5811209439528023,0.5267379679144385,0.5525946704067322
XGBoost,0.7792760823278921,0.6006389776357828,0.5026737967914439,0.5473071324599709
Decision Tree,0.7331440738112136,0.4973821989528796,0.5080213903743316,0.5026455026455027
